{
"custom.granny": {"sounds": ["custom/granny"]},
"custom.death": {"sounds": ["custom/death"]},
"custom.menu": {"sounds": ["custom/menu"]},
"custom.game": {"sounds": ["custom/game"]},
"custom.bell": {"sounds": ["custom/bell"]},
"custom.battery": {"sounds": ["custom/battery"]},
"custom.giggle1": {"sounds": ["custom/giggle1"]},
"custom.giggle2": {"sounds": ["custom/giggle2"]},
"custom.giggle3": {"sounds": ["custom/giggle3"]},
"custom.giggle4": {"sounds": ["custom/giggle4"]},
"custom.talking1": {"sounds": ["custom/talking1"]},
"custom.talking2": {"sounds": ["custom/talking2"]},
"custom.talking3": {"sounds": ["custom/talking3"]},
"custom.jumpscare": {"sounds": ["custom/jumpscare"]},
"custom.forest": {"sounds": ["custom/forest"]},
"custom.fan.loop": {"sounds": ["custom/fan_loop"]},
"custom.fan.hurt": {"sounds": ["custom/fan_hurt"]},
"custom.ending": {"sounds": ["custom/ending"]},
"custom.appearance": {"sounds": ["custom/appearance"]},
"custom.start": {"sounds": ["custom/start"]},
"custom.scare": {"sounds": ["custom/scare"]},
"custom.ghost": {"sounds": ["custom/ghost"]},
"custom.slendrina": {"sounds": ["custom/slendrina"]},
"custom.bed": {"sounds": ["custom/bed"]},
"custom.creak": {"sounds": ["custom/creak"]},
"custom.guillotine": {"sounds": ["custom/guillotine"]},
"custom.trap": {"sounds": ["custom/trap"]},
"custom.trap.ice": {"sounds": ["custom/trap_ice"]},
"custom.trap.place": {"sounds": ["custom/trap_place"]},
"custom.trap.remove": {"sounds": ["custom/trap_remove"]},
"custom.spider.see": {"sounds": ["custom/spider_see"]},
"custom.spider.eat": {"sounds": ["custom/spider_eat"]},
"custom.spider.end": {"sounds": ["custom/spider_end"]},
"custom.teddy": {"sounds": ["custom/teddy"]},
"custom.attic_ambience": {"sounds": ["custom/attic_ambience"]},
"custom.main_room_ambience": {"sounds": ["custom/main_room_ambience"]},
"custom.backyard_ambience": {"sounds": ["custom/backyard_ambience"]},
"custom.Slendrina_scare": {"sounds": ["custom/slendrina_scare"]},
"custom.cellar.ambience": {"sounds": ["custom/cellar_ambience"]},
"custom.cellar.attack": {"sounds": ["custom/cellar_attack"]},
"custom.mother.free": {"sounds": ["custom/mother_free"]},
"custom.mother.breathe": {"sounds": ["custom/mother_breathe"]},
"custom.credits": {"sounds": ["custom/credits"]}
}